Box jellyfish,mya
cellular organisms,4250.0
16654,4250.0
Eukaryota,1765.3418838208602
Opisthokonta,1305.83351794871
Holozoa,994.1680333333301
563254,939.3333333333301
Metazoa,939.3333333333301
Eumetazoa,939.3333333333301
564202,939.3333333333301
Cnidaria,687.4373333333301
Cubozoa,537.1417575757541
