Chanterelle,mya
cellular organisms,4250.000000000001
16654,4250.000000000001
Eukaryota,1765.3418838208606
Opisthokonta,1305.8335179487106
Nucletmycea,1099.1970262015905
Fungi,1032.8501294217604
Dikarya,799.9290606060573
Basidiomycota,532.8546719576683
Agaricomycotina,327.9485833333303
Agaricomycetes,241.3270394047593
Cantharellales,168.9042324599673
Cantharellaceae,115.7192500892823
Cantharellus,62.8317598511874
Cantharellus cibarius,3.3333333333303017
