Chlorophyte algae,mya
cellular organisms,4250.0
16654,4250.0
Eukaryota,1765.3418838208602
Archaeplastida,1499.0395333333302
16685,1398.90072222222
Chloroplastida,986.3333333333302
Chlorophyta,896.2310138888852
