Corals,mya
cellular organisms,4250.0
16654,4250.0
Eukaryota,1765.34188382086
Opisthokonta,1305.8335179487099
Holozoa,994.1680333333298
563254,939.3333333333298
Metazoa,939.3333333333298
Eumetazoa,939.3333333333298
564202,939.3333333333298
Cnidaria,687.4373333333299
Anthozoa,671.3333333333298
