Death cap,mya
cellular organisms,4250.0
16654,4250.0
Eukaryota,1765.34188382086
Opisthokonta,1305.8335179487099
Nucletmycea,1099.1970262015898
Fungi,1032.8501294217597
Dikarya,799.9290606060567
Basidiomycota,532.8546719576677
Agaricomycotina,327.9485833333298
Agaricomycetes,241.32703940475878
Agaricomycetidae,249.3333333333298
523904,249.3333333333298
Agaricales,180.5450916732508
Amanitaceae,118.1928063314268
Amanita,62.40391944663679
