Eucalyptus,mya
cellular organisms,4250.0
16654,4250.0
Eukaryota,1765.3418838208597
Archaeplastida,1499.0395333333297
16685,1398.9007222222197
Chloroplastida,986.3333333333296
Streptophyta,757.1458473333296
Embryophyta,554.8835853333296
48507,518.4392558333296
Tracheophyta,435.05225222221867
Euphyllophyta,407.92479179486764
Spermatophyta,321.34973333332965
Magnoliophyta,191.29828333332966
Mesangiospermae,158.33333333332968
55894,146.30910855184868
55895,143.09615266666265
eudicotyledons,131.53834272332966
Gunneridae,124.33333333332966
55910,124.33333333332966
Pentapetalae,124.33333333332966
55912,117.33333333332966
55913,117.33333333332966
rosids,117.33333333332966
malvids,109.33333333332966
132615,109.33333333332966
Myrtales,90.73333333332965
133403,82.83333333332966
138408,77.93013890666296
Myrtaceae,65.40190167717137
Eucalyptus,27.094483333329663
