Ferns,mya
cellular organisms,4250.0
16654,4250.0
Eukaryota,1765.3418838208597
Archaeplastida,1499.0395333333297
16685,1398.9007222222197
Chloroplastida,986.3333333333296
Streptophyta,757.1458473333296
Embryophyta,554.8835853333296
48507,518.4392558333295
Tracheophyta,435.0522522222186
Euphyllophyta,407.9247917948676
Moniliformopses,374.96791222221856
49109,349.6748499999966
Polypodiopsida,290.4565211111076
