Fir,mya
cellular organisms,4250.0
16654,4250.0
Eukaryota,1765.3418838208597
Archaeplastida,1499.0395333333297
16685,1398.9007222222197
Chloroplastida,986.3333333333296
Streptophyta,757.1458473333296
Embryophyta,554.8835853333296
48507,518.4392558333296
Tracheophyta,435.0522522222186
Euphyllophyta,407.9247917948676
Spermatophyta,321.3497333333296
Acrogymnospermae,302.9191729444406
Pinidae,266.7046625640986
Pinales,176.22050566355463
Pinaceae,162.75193654545063
Abies,53.55263311237013
