Ginkgo,mya
cellular organisms,4250.0
16654,4250.0
Eukaryota,1765.3418838208604
Archaeplastida,1499.0395333333304
16685,1398.9007222222203
Chloroplastida,986.3333333333303
Streptophyta,757.1458473333303
Embryophyta,554.8835853333303
48507,518.4392558333303
Tracheophyta,435.0522522222193
Euphyllophyta,407.92479179486827
Spermatophyta,321.3497333333303
Acrogymnospermae,302.9191729444413
Ginkgoaceae,178.09173977314532
Ginkgo,103.1952798703674
Ginkgo biloba,3.3333333333303017
