Hornworts,mya
cellular organisms,4250.0
16654,4250.0
Eukaryota,1765.34188382086
Archaeplastida,1499.03953333333
16685,1398.9007222222199
Chloroplastida,986.3333333333298
Streptophyta,757.1458473333298
Embryophyta,554.8835853333298
48507,518.4392558333299
Anthocerotophyta,300.98175333332983
