Jellyfish and corals,mya
cellular organisms,4250.0
16654,4250.0
Eukaryota,1765.3418838208597
Opisthokonta,1305.8335179487096
Holozoa,994.1680333333296
563254,939.3333333333296
Metazoa,939.3333333333296
Eumetazoa,939.3333333333296
564202,939.3333333333296
Cnidaria,687.4373333333297
