Kelp,mya
cellular organisms,4250.0
16654,4250.0
Eukaryota,1765.3418838208597
SAR,1507.3547333333297
Stramenopiles,573.0044247474707
