Lamprey,mya
cellular organisms,4250.0
16654,4250.0
Eukaryota,1765.3418838208604
Opisthokonta,1305.8335179487103
Holozoa,994.1680333333302
563254,939.3333333333302
Metazoa,939.3333333333302
Eumetazoa,939.3333333333302
564202,939.3333333333302
Bilateria,850.3327392156832
Deuterostomia,730.3111111111082
Chordata,736.3333333333302
Vertebrata (1993220),634.6544213333302
Cyclostomata,492.4083333333303
Petromyzontidae,19.3333333333303
Petromyzon marinus,3.3333333333303017
