Moss,mya
cellular organisms,4250.0
16654,4250.0
Eukaryota,1765.34188382086
Archaeplastida,1499.03953333333
16685,1398.9007222222199
Chloroplastida,986.33333333333
Streptophyta,757.1458473333299
Embryophyta,554.8835853333298
30625,515.8363893333299
Bryophyta,383.7733333333299
