Nautilus,mya
cellular organisms,4250.0
16654,4250.0
Eukaryota,1765.34188382086
Opisthokonta,1305.8335179487099
Holozoa,994.1680333333298
563254,939.3333333333298
Metazoa,939.3333333333298
Eumetazoa,939.3333333333298
564202,939.3333333333298
Bilateria,850.3327392156829
Protostomia,747.3333333333298
Lophotrochozoa,579.3333333333298
Mollusca,544.7792269841239
Cephalopoda,426.4346158333299
Nautilida,296.85322054134986
