Penicillium,mya
cellular organisms,4250.0
16654,4250.0
Eukaryota,1765.34188382086
Opisthokonta,1305.8335179487099
Nucletmycea,1099.1970262015898
Fungi,1032.85012942176
Dikarya,799.9290606060569
Ascomycota,767.3284833333298
saccharomyceta,767.3284833333298
Pezizomycotina,723.9967666666639
Leotiomyceta,624.3983833333299
Eurotiomycetes,767.3284833333298
Eurotiomycetidae,483.33333333332985
