Pine,mya
cellular organisms,4250.0
16654,4250.0
Eukaryota,1765.34188382086
Archaeplastida,1499.03953333333
16685,1398.9007222222199
Chloroplastida,986.3333333333298
Streptophyta,757.1458473333298
Embryophyta,554.8835853333298
48507,518.4392558333299
Tracheophyta,435.0522522222189
Euphyllophyta,407.9247917948679
Spermatophyta,321.3497333333298
Acrogymnospermae,302.91917294444085
Pinidae,266.70466256409884
Pinales,176.22050566355486
Pinaceae,162.75193654545086
Pinus,86.67602083332986
