Portuguese man o' war,mya
cellular organisms,4250.0
16654,4250.0
Eukaryota,1765.3418838208604
Opisthokonta,1305.8335179487103
Holozoa,994.1680333333303
563254,939.3333333333303
Metazoa,939.3333333333303
Eumetazoa,939.3333333333303
564202,939.3333333333303
Cnidaria,687.4373333333303
Hydrozoa,107.29333333333031
Siphonophora,85.1303359386943
Cystonectae,60.5113333333303
Physalia,29.3233333333303
Physalia physalis,3.3333333333303017
