Rays,mya
cellular organisms,4250.0
16654,4250.0
Eukaryota,1765.34188382086
Opisthokonta,1305.8335179487099
Holozoa,994.16803333333
563254,939.33333333333
Metazoa,939.33333333333
Eumetazoa,939.33333333333
564202,939.33333333333
Bilateria,850.332739215683
Deuterostomia,730.311111111108
Chordata,736.33333333333
Vertebrata (1993220),634.65442133333
Gnathostomata,486.22776681332994
Chondrichthyes,429.33226851332995
Elasmobranchii,291.33333333332996
Batoidea,232.58666666666295
