Red algae,mya
cellular organisms,4250.0
16654,4250.0
Eukaryota,1765.34188382086
Archaeplastida,1499.03953333333
16685,1398.90072222222
Rhodophyceae,1205.01306666666
