Salmonella,mya
cellular organisms,4250.0
Bacteria,3306.28388
Proteobacteria,2581.67611111111
Gammaproteobacteria,1619.05793939394
Enterobacteriaceae,391.7476190476159
Salmonella,197.54047619047287
