Sea lilies,mya
cellular organisms,4250.0
16654,4250.0
Eukaryota,1765.34188382086
Opisthokonta,1305.8335179487099
Holozoa,994.16803333333
563254,939.33333333333
Metazoa,939.33333333333
Eumetazoa,939.33333333333
564202,939.33333333333
Bilateria,850.332739215683
Deuterostomia,730.311111111108
Echinodermata,645.999999999997
Crinoidea,456.180053217945
