Sharks,mya
cellular organisms,4250.0
16654,4250.0
Eukaryota,1765.3418838208604
Opisthokonta,1305.8335179487103
Holozoa,994.1680333333303
563254,939.3333333333303
Metazoa,939.3333333333303
Eumetazoa,939.3333333333303
564202,939.3333333333303
Bilateria,850.3327392156833
Deuterostomia,730.3111111111083
Chordata,736.3333333333303
Vertebrata,634.6544213333302
Gnathostomata,486.2277668133303
Chondrichthyes,429.3322685133303
Elasmobranchii,291.3333333333303
Selachii,291.3333333333303
