Sponges,mya
cellular organisms,4250.0
16654,4250.0
Eukaryota,1765.34188382086
Opisthokonta,1305.8335179487099
Holozoa,994.1680333333298
563254,939.3333333333298
Metazoa,939.3333333333298
Porifera,804.3333333333298
