Spruce,mya
cellular organisms,4250.0
16654,4250.0
Eukaryota,1765.3418838208604
Archaeplastida,1499.0395333333304
16685,1398.9007222222203
Chloroplastida,986.3333333333303
Streptophyta,757.1458473333303
Embryophyta,554.8835853333303
48507,518.4392558333303
Tracheophyta,435.05225222221935
Euphyllophyta,407.9247917948683
Spermatophyta,321.34973333333033
Acrogymnospermae,302.91917294444136
Pinidae,266.70466256409935
Pinales,176.22050566355534
Pinaceae,162.75193654545134
Picea,32.13113022726975
