Staphylococcus,mya
cellular organisms,4250.0
Bacteria,3306.28388
Firmicutes,2716.1005
Bacilli,2116.63933333333
Bacillales,1765.33648333333
Staphylococcaceae,658.2260333333302
Staphylococcus,222.07871666666324
