Starfish,mya
cellular organisms,4250.0
16654,4250.0
Eukaryota,1765.3418838208602
Opisthokonta,1305.83351794871
Holozoa,994.1680333333301
563254,939.3333333333301
Metazoa,939.3333333333301
Eumetazoa,939.3333333333301
564202,939.3333333333301
Bilateria,850.3327392156831
Deuterostomia,730.3111111111081
Echinodermata,645.999999999997
Eleutherozoa,582.13333333333
Asterozoa,526.3333333333301
Asteroidea,353.026666666663
