Stoneworts,mya
cellular organisms,4250.0
16654,4250.0
Eukaryota,1765.34188382086
Archaeplastida,1499.03953333333
16685,1398.9007222222199
Chloroplastida,986.3333333333301
Streptophyta,757.14584733333
Charophyceae,526.728806387473
