Streptococcus,mya
cellular organisms,4250.0
Bacteria,3306.28388
Firmicutes,2716.1005
Bacilli,2116.63933333333
Lactobacillales,1149.8361111111099
Streptococcaceae,703.3333333333298
Streptococcus,343.33333333332985
