Tardigrades,mya
cellular organisms,4250.0
16654,4250.0
Eukaryota,1765.3418838208597
Opisthokonta,1305.8335179487099
Holozoa,994.1680333333297
563254,939.3333333333297
Metazoa,939.3333333333297
Eumetazoa,939.3333333333297
564202,939.3333333333297
Bilateria,850.3327392156828
Protostomia,747.3333333333297
Ecdysozoa,747.3333333333297
Panarthropoda,747.3333333333297
1783161,747.3333333333297
Tardigrada,618.3883333333297
Eutardigrada,361.80833333332976
