True jellyfish,mya
cellular organisms,4250.0
16654,4250.0
Eukaryota,1765.3418838208597
Opisthokonta,1305.8335179487099
Holozoa,994.1680333333297
563254,939.3333333333297
Metazoa,939.3333333333297
Eumetazoa,939.3333333333297
564202,939.3333333333297
Cnidaria,687.4373333333298
Scyphozoa,501.6352333333298
