Truffles,mya
cellular organisms,4250.0
16654,4250.0
Eukaryota,1765.3418838208604
Opisthokonta,1305.8335179487103
Nucletmycea,1099.1970262015902
Fungi,1032.8501294217604
Dikarya,799.9290606060573
Ascomycota,767.3284833333303
saccharomyceta,767.3284833333303
Pezizomycotina,723.9967666666643
Pezizales,515.2949333333303
Tuberaceae,339.8209527777743
Tuber,116.1458333333303
